{
  "oof_roc_auc": 0.5480362182041595,
  "oof_brier": 0.24953413284000778,
  "oof_f1_at_0.50": 0.5051891529963174,
  "best_ev_threshold": 0.025,
  "best_total_units": 134.88100000000412,
  "best_bets": 4273,
  "best_winrate": 0.5403697636321085
}