{
  "oof_roc_auc": 0.6098861912749992,
  "oof_brier": 0.24052375171356308,
  "oof_f1_at_0.50": 0.5681818181818182,
  "best_ev_threshold": 0.005,
  "best_total_units": 0.5072710999999999,
  "best_bets": 80,
  "best_winrate": 0.9875,
  "kappa_grid": [
    0.1,
    0.2,
    0.3,
    0.5,
    0.8,
    1.0
  ],
  "chosen_kappas_per_fold": [
    0.1,
    0.1,
    0.1,
    0.2,
    1.0
  ],
  "global_kappa": 0.1,
  "used_market_prices": true
}