{
  "oof_roc_auc": 0.5997201076585864,
  "oof_brier": 0.24129915773343535,
  "oof_f1_at_0.50": 0.5214521452145214,
  "best_ev_threshold": -0.004999999999999921,
  "best_total_units_approx": 1.0225691588785049,
  "best_bets": 107,
  "best_winrate": 0.9906542056074766
}